{"selfRTLTime":0.0,"robotRTLTime":214.017014}
{"selfRTLTime":161.787888,"robotRTLTime":214.017014}
{"selfRTLTime":209.902786,"robotRTLTime":214.017014}
{"selfRTLTime":258.0177,"robotRTLTime":214.017014}
{"selfRTLTime":258.0177,"robotRTLTime":255.177444}
{"selfRTLTime":258.0177,"robotRTLTime":299.237427}
{"selfRTLTime":258.0177,"robotRTLTime":310.388733}
{"selfRTLTime":267.9248,"robotRTLTime":310.388733}
{"selfRTLTime":277.8319,"robotRTLTime":310.388733}
{"selfRTLTime":277.8319,"robotRTLTime":325.6831}
{"selfRTLTime":410.868225,"robotRTLTime":325.6831}
{"selfRTLTime":543.904541,"robotRTLTime":325.6831}
{"selfRTLTime":543.904541,"robotRTLTime":386.71405}
{"selfRTLTime":544.170837,"robotRTLTime":386.71405}
{"selfRTLTime":-227.654968,"robotRTLTime":386.71405}
