{"selfRTLTime":0.0,"robotRTLTime":16.7045}
{"selfRTLTime":11.5732059,"robotRTLTime":16.7045}
{"selfRTLTime":23.1464119,"robotRTLTime":16.7045}
{"selfRTLTime":23.1464119,"robotRTLTime":46.0154266}
{"selfRTLTime":32.5856133,"robotRTLTime":46.0154266}
{"selfRTLTime":32.5856133,"robotRTLTime":67.93714}
{"selfRTLTime":32.5856133,"robotRTLTime":154.987488}
{"selfRTLTime":34.4732475,"robotRTLTime":154.987488}
{"selfRTLTime":36.36088,"robotRTLTime":154.987488}
{"selfRTLTime":36.36088,"robotRTLTime":191.67775}
{"selfRTLTime":37.29417,"robotRTLTime":191.67775}
{"selfRTLTime":38.22746,"robotRTLTime":191.67775}
{"selfRTLTime":38.22746,"robotRTLTime":323.170471}
{"selfRTLTime":38.22746,"robotRTLTime":360.6}
{"selfRTLTime":38.22746,"robotRTLTime":381.935822}
{"selfRTLTime":56.6269341,"robotRTLTime":381.935822}
{"selfRTLTime":102.896652,"robotRTLTime":381.935822}
{"selfRTLTime":102.896652,"robotRTLTime":469.511566}
{"selfRTLTime":102.896652,"robotRTLTime":498.452362}
{"selfRTLTime":102.896652,"robotRTLTime":524.204956}
{"selfRTLTime":102.896652,"robotRTLTime":524.8274}
{"selfRTLTime":103.473495,"robotRTLTime":524.8274}
{"selfRTLTime":104.050339,"robotRTLTime":524.8274}
{"selfRTLTime":104.050339,"robotRTLTime":642.557739}
{"selfRTLTime":165.0678,"robotRTLTime":642.557739}
{"selfRTLTime":226.085251,"robotRTLTime":642.557739}
{"selfRTLTime":226.085251,"robotRTLTime":692.6731}
{"selfRTLTime":226.085251,"robotRTLTime":694.2152}
{"selfRTLTime":259.6994,"robotRTLTime":694.2152}
{"selfRTLTime":293.313538,"robotRTLTime":694.2152}
{"selfRTLTime":293.313538,"robotRTLTime":695.770752}
{"selfRTLTime":293.313538,"robotRTLTime":710.4757}
{"selfRTLTime":293.313538,"robotRTLTime":741.267334}
