{"selfRTLTime":0.0,"robotRTLTime":22.6139965}
{"selfRTLTime":0.0,"robotRTLTime":23.8131237}
{"selfRTLTime":1.04117966,"robotRTLTime":23.8131237}
{"selfRTLTime":2.395977,"robotRTLTime":23.8131237}
{"selfRTLTime":3.75077438,"robotRTLTime":23.8131237}
{"selfRTLTime":3.75077438,"robotRTLTime":47.8891}
{"selfRTLTime":308.778076,"robotRTLTime":47.8891}
{"selfRTLTime":-80.053894,"robotRTLTime":47.8891}
