{"selfRTLTime":0.0,"robotRTLTime":3.86538124}
{"selfRTLTime":0.0,"robotRTLTime":18.193222}
{"selfRTLTime":0.0,"robotRTLTime":39.7810555}
{"selfRTLTime":9.643021,"robotRTLTime":39.7810555}
{"selfRTLTime":19.2860413,"robotRTLTime":39.7810555}
{"selfRTLTime":19.2860413,"robotRTLTime":182.715576}
{"selfRTLTime":46.6604767,"robotRTLTime":182.715576}
{"selfRTLTime":98.18083,"robotRTLTime":182.715576}
{"selfRTLTime":149.701187,"robotRTLTime":182.715576}
{"selfRTLTime":149.701187,"robotRTLTime":228.621918}
{"selfRTLTime":150.1909,"robotRTLTime":228.621918}
{"selfRTLTime":150.1909,"robotRTLTime":232.777435}
{"selfRTLTime":150.81398,"robotRTLTime":232.777435}
{"selfRTLTime":150.81398,"robotRTLTime":285.581482}
{"selfRTLTime":209.475632,"robotRTLTime":285.581482}
{"selfRTLTime":268.137268,"robotRTLTime":285.581482}
{"selfRTLTime":268.137268,"robotRTLTime":311.32962}
{"selfRTLTime":268.137268,"robotRTLTime":343.234955}
{"selfRTLTime":268.137268,"robotRTLTime":568.6306}
{"selfRTLTime":268.137268,"robotRTLTime":610.9265}
{"selfRTLTime":268.137268,"robotRTLTime":655.628845}
{"selfRTLTime":268.137268,"robotRTLTime":660.782349}
{"selfRTLTime":268.137268,"robotRTLTime":746.3056}
{"selfRTLTime":268.137268,"robotRTLTime":768.3754}
{"selfRTLTime":268.137268,"robotRTLTime":920.438049}
{"selfRTLTime":-915.9776,"robotRTLTime":920.438049}
