{"selfRTLTime":0.0,"robotRTLTime":55.279213}
{"selfRTLTime":200.128967,"robotRTLTime":55.279213}
{"selfRTLTime":400.257935,"robotRTLTime":55.279213}
{"selfRTLTime":400.257935,"robotRTLTime":96.88569}
{"selfRTLTime":473.3552,"robotRTLTime":96.88569}
{"selfRTLTime":549.9923,"robotRTLTime":96.88569}
{"selfRTLTime":626.6294,"robotRTLTime":96.88569}
{"selfRTLTime":626.6294,"robotRTLTime":162.971313}
{"selfRTLTime":701.9804,"robotRTLTime":162.971313}
{"selfRTLTime":777.3314,"robotRTLTime":162.971313}
{"selfRTLTime":777.3314,"robotRTLTime":175.797729}
{"selfRTLTime":777.3314,"robotRTLTime":195.370483}
{"selfRTLTime":820.571045,"robotRTLTime":195.370483}
{"selfRTLTime":863.810669,"robotRTLTime":195.370483}
{"selfRTLTime":863.810669,"robotRTLTime":196.102783}
{"selfRTLTime":863.810669,"robotRTLTime":197.024475}
{"selfRTLTime":978.657837,"robotRTLTime":197.024475}
{"selfRTLTime":1093.505,"robotRTLTime":197.024475}
{"selfRTLTime":1093.505,"robotRTLTime":210.359009}
{"selfRTLTime":1177.79761,"robotRTLTime":210.359009}
{"selfRTLTime":1262.09021,"robotRTLTime":210.359009}
{"selfRTLTime":1262.09021,"robotRTLTime":226.959412}
{"selfRTLTime":1338.87524,"robotRTLTime":226.959412}
{"selfRTLTime":1355.61328,"robotRTLTime":226.959412}
{"selfRTLTime":1372.35132,"robotRTLTime":226.959412}
{"selfRTLTime":1372.35132,"robotRTLTime":230.854675}
{"selfRTLTime":1377.19409,"robotRTLTime":230.854675}
{"selfRTLTime":1382.03687,"robotRTLTime":230.854675}
{"selfRTLTime":1382.03687,"robotRTLTime":254.889709}
{"selfRTLTime":312.928345,"robotRTLTime":254.889709}
