{"selfRTLTime":0.0,"robotRTLTime":52.036293}
{"selfRTLTime":10.1893539,"robotRTLTime":52.036293}
{"selfRTLTime":26.4078064,"robotRTLTime":52.036293}
{"selfRTLTime":42.62626,"robotRTLTime":52.036293}
{"selfRTLTime":42.62626,"robotRTLTime":66.828125}
{"selfRTLTime":51.3898621,"robotRTLTime":66.828125}
{"selfRTLTime":60.1534653,"robotRTLTime":66.828125}
{"selfRTLTime":60.1534653,"robotRTLTime":74.75769}
{"selfRTLTime":151.128448,"robotRTLTime":74.75769}
{"selfRTLTime":242.103439,"robotRTLTime":74.75769}
{"selfRTLTime":242.103439,"robotRTLTime":90.74396}
{"selfRTLTime":242.4143,"robotRTLTime":90.74396}
{"selfRTLTime":315.391357,"robotRTLTime":90.74396}
{"selfRTLTime":388.3684,"robotRTLTime":90.74396}
{"selfRTLTime":388.3684,"robotRTLTime":98.0737}
{"selfRTLTime":561.7987,"robotRTLTime":98.0737}
{"selfRTLTime":735.229,"robotRTLTime":98.0737}
{"selfRTLTime":735.229,"robotRTLTime":141.422821}
{"selfRTLTime":210.28595,"robotRTLTime":141.422821}
