{"selfRTLTime":0.0,"robotRTLTime":4.62037659}
{"selfRTLTime":526.747437,"robotRTLTime":4.62037659}
