{"selfRTLTime":0.0,"robotRTLTime":11.3172541}
{"selfRTLTime":32.60953,"robotRTLTime":11.3172541}
{"selfRTLTime":65.21906,"robotRTLTime":11.3172541}
{"selfRTLTime":65.21906,"robotRTLTime":26.2085533}
{"selfRTLTime":121.998985,"robotRTLTime":26.2085533}
{"selfRTLTime":178.7789,"robotRTLTime":26.2085533}
{"selfRTLTime":178.7789,"robotRTLTime":35.97015}
{"selfRTLTime":235.865509,"robotRTLTime":35.97015}
{"selfRTLTime":292.952118,"robotRTLTime":35.97015}
{"selfRTLTime":292.952118,"robotRTLTime":54.9322777}
{"selfRTLTime":348.4967,"robotRTLTime":54.9322777}
{"selfRTLTime":404.04126,"robotRTLTime":54.9322777}
{"selfRTLTime":404.04126,"robotRTLTime":106.710815}
{"selfRTLTime":435.531128,"robotRTLTime":106.710815}
{"selfRTLTime":467.021,"robotRTLTime":106.710815}
{"selfRTLTime":467.021,"robotRTLTime":134.2121}
{"selfRTLTime":626.1125,"robotRTLTime":134.2121}
{"selfRTLTime":785.204,"robotRTLTime":134.2121}
{"selfRTLTime":785.204,"robotRTLTime":172.729858}
{"selfRTLTime":1071.11646,"robotRTLTime":172.729858}
{"selfRTLTime":1357.02893,"robotRTLTime":172.729858}
{"selfRTLTime":1357.02893,"robotRTLTime":215.38739}
{"selfRTLTime":1398.24792,"robotRTLTime":215.38739}
{"selfRTLTime":1439.46692,"robotRTLTime":215.38739}
{"selfRTLTime":1439.46692,"robotRTLTime":316.1129}
{"selfRTLTime":398.620483,"robotRTLTime":316.1129}
