{"selfRTLTime":0.0,"robotRTLTime":19.5715218}
{"selfRTLTime":0.0,"robotRTLTime":28.8565178}
{"selfRTLTime":-76.0976,"robotRTLTime":28.8565178}
