{"selfRTLTime":41.8725433,"robotRTLTime":0.0}
{"selfRTLTime":83.74509,"robotRTLTime":0.0}
{"selfRTLTime":83.74509,"robotRTLTime":9.551617}
{"selfRTLTime":301.6369,"robotRTLTime":9.551617}
{"selfRTLTime":581.8756,"robotRTLTime":9.551617}
{"selfRTLTime":609.697632,"robotRTLTime":9.551617}
{"selfRTLTime":679.282837,"robotRTLTime":9.551617}
{"selfRTLTime":748.868042,"robotRTLTime":9.551617}
{"selfRTLTime":748.868042,"robotRTLTime":16.1253471}
{"selfRTLTime":769.3488,"robotRTLTime":16.1253471}
{"selfRTLTime":789.8296,"robotRTLTime":16.1253471}
{"selfRTLTime":789.8296,"robotRTLTime":24.255352}
{"selfRTLTime":835.5891,"robotRTLTime":24.255352}
{"selfRTLTime":881.348633,"robotRTLTime":24.255352}
{"selfRTLTime":881.348633,"robotRTLTime":37.13957}
{"selfRTLTime":916.2787,"robotRTLTime":37.13957}
{"selfRTLTime":951.20874,"robotRTLTime":37.13957}
{"selfRTLTime":951.20874,"robotRTLTime":39.1392021}
{"selfRTLTime":952.9853,"robotRTLTime":39.1392021}
{"selfRTLTime":954.761841,"robotRTLTime":39.1392021}
{"selfRTLTime":954.761841,"robotRTLTime":44.53715}
{"selfRTLTime":997.66626,"robotRTLTime":44.53715}
{"selfRTLTime":131.573059,"robotRTLTime":44.53715}
