{"selfRTLTime":0.0,"robotRTLTime":24.2331142}
{"selfRTLTime":6.26734161,"robotRTLTime":24.2331142}
{"selfRTLTime":12.5346832,"robotRTLTime":24.2331142}
{"selfRTLTime":12.5346832,"robotRTLTime":69.37046}
{"selfRTLTime":59.0704422,"robotRTLTime":69.37046}
{"selfRTLTime":105.6062,"robotRTLTime":69.37046}
{"selfRTLTime":105.6062,"robotRTLTime":212.272125}
{"selfRTLTime":105.6062,"robotRTLTime":236.054016}
{"selfRTLTime":105.6062,"robotRTLTime":279.744019}
{"selfRTLTime":119.501556,"robotRTLTime":279.744019}
{"selfRTLTime":133.396912,"robotRTLTime":279.744019}
{"selfRTLTime":133.396912,"robotRTLTime":301.823425}
{"selfRTLTime":133.396912,"robotRTLTime":340.820374}
{"selfRTLTime":133.396912,"robotRTLTime":457.145142}
{"selfRTLTime":168.069763,"robotRTLTime":457.145142}
{"selfRTLTime":182.743835,"robotRTLTime":457.145142}
{"selfRTLTime":197.417908,"robotRTLTime":457.145142}
{"selfRTLTime":197.417908,"robotRTLTime":465.742371}
{"selfRTLTime":229.081055,"robotRTLTime":465.742371}
{"selfRTLTime":260.7442,"robotRTLTime":465.742371}
{"selfRTLTime":260.7442,"robotRTLTime":556.506531}
{"selfRTLTime":260.7442,"robotRTLTime":606.3331}
{"selfRTLTime":260.7442,"robotRTLTime":607.175659}
{"selfRTLTime":264.986938,"robotRTLTime":607.175659}
{"selfRTLTime":269.229675,"robotRTLTime":607.175659}
{"selfRTLTime":269.229675,"robotRTLTime":693.9749}
{"selfRTLTime":269.229675,"robotRTLTime":771.3688}
{"selfRTLTime":286.800171,"robotRTLTime":771.3688}
{"selfRTLTime":304.370667,"robotRTLTime":771.3688}
{"selfRTLTime":304.370667,"robotRTLTime":809.2294}
{"selfRTLTime":307.1501,"robotRTLTime":809.2294}
{"selfRTLTime":309.9295,"robotRTLTime":809.2294}
{"selfRTLTime":309.9295,"robotRTLTime":846.302063}
{"selfRTLTime":383.8769,"robotRTLTime":846.302063}
{"selfRTLTime":457.82428,"robotRTLTime":846.302063}
{"selfRTLTime":457.82428,"robotRTLTime":868.394348}
{"selfRTLTime":474.717346,"robotRTLTime":868.394348}
{"selfRTLTime":491.6104,"robotRTLTime":868.394348}
{"selfRTLTime":491.6104,"robotRTLTime":870.5616}
{"selfRTLTime":-672.767639,"robotRTLTime":870.5616}
