{"selfRTLTime":0.0,"robotRTLTime":2.28731537}
{"selfRTLTime":0.0,"robotRTLTime":16.3951168}
{"selfRTLTime":11.2192917,"robotRTLTime":16.3951168}
{"selfRTLTime":22.4385834,"robotRTLTime":16.3951168}
{"selfRTLTime":22.4385834,"robotRTLTime":98.07295}
{"selfRTLTime":39.1735764,"robotRTLTime":98.07295}
{"selfRTLTime":39.1735764,"robotRTLTime":166.45607}
{"selfRTLTime":82.83289,"robotRTLTime":166.45607}
{"selfRTLTime":82.83289,"robotRTLTime":177.0782}
{"selfRTLTime":300.324738,"robotRTLTime":177.0782}
{"selfRTLTime":517.8166,"robotRTLTime":177.0782}
{"selfRTLTime":517.8166,"robotRTLTime":193.836929}
{"selfRTLTime":537.1534,"robotRTLTime":193.836929}
{"selfRTLTime":556.4902,"robotRTLTime":193.836929}
{"selfRTLTime":556.4902,"robotRTLTime":246.216019}
{"selfRTLTime":560.799744,"robotRTLTime":246.216019}
{"selfRTLTime":565.1093,"robotRTLTime":246.216019}
{"selfRTLTime":565.1093,"robotRTLTime":318.486328}
{"selfRTLTime":699.0317,"robotRTLTime":318.486328}
{"selfRTLTime":832.954041,"robotRTLTime":318.486328}
{"selfRTLTime":832.954041,"robotRTLTime":322.9062}
{"selfRTLTime":895.497437,"robotRTLTime":322.9062}
{"selfRTLTime":958.040833,"robotRTLTime":322.9062}
{"selfRTLTime":958.040833,"robotRTLTime":335.0379}
{"selfRTLTime":1011.85205,"robotRTLTime":335.0379}
{"selfRTLTime":1065.66333,"robotRTLTime":335.0379}
{"selfRTLTime":1065.66333,"robotRTLTime":344.504028}
{"selfRTLTime":1082.59985,"robotRTLTime":344.504028}
{"selfRTLTime":1099.53638,"robotRTLTime":344.504028}
{"selfRTLTime":1099.53638,"robotRTLTime":354.3872}
{"selfRTLTime":1204.873,"robotRTLTime":354.3872}
{"selfRTLTime":1310.20972,"robotRTLTime":354.3872}
{"selfRTLTime":1310.20972,"robotRTLTime":361.196777}
{"selfRTLTime":230.837036,"robotRTLTime":361.196777}
