{"selfRTLTime":10.7750111,"robotRTLTime":0.0}
{"selfRTLTime":21.5500221,"robotRTLTime":0.0}
{"selfRTLTime":21.5500221,"robotRTLTime":39.5358238}
{"selfRTLTime":61.3451462,"robotRTLTime":39.5358238}
{"selfRTLTime":101.140274,"robotRTLTime":39.5358238}
{"selfRTLTime":101.140274,"robotRTLTime":83.64351}
{"selfRTLTime":129.55957,"robotRTLTime":83.64351}
{"selfRTLTime":129.55957,"robotRTLTime":122.220642}
{"selfRTLTime":129.55957,"robotRTLTime":208.195374}
{"selfRTLTime":150.216766,"robotRTLTime":208.195374}
{"selfRTLTime":170.873962,"robotRTLTime":208.195374}
{"selfRTLTime":170.873962,"robotRTLTime":212.073639}
{"selfRTLTime":266.934021,"robotRTLTime":212.073639}
{"selfRTLTime":362.99408,"robotRTLTime":212.073639}
{"selfRTLTime":362.99408,"robotRTLTime":215.283813}
{"selfRTLTime":362.99408,"robotRTLTime":287.044617}
{"selfRTLTime":485.310547,"robotRTLTime":287.044617}
{"selfRTLTime":607.627,"robotRTLTime":287.044617}
{"selfRTLTime":607.627,"robotRTLTime":307.612976}
{"selfRTLTime":630.851868,"robotRTLTime":307.612976}
{"selfRTLTime":654.0767,"robotRTLTime":307.612976}
{"selfRTLTime":654.0767,"robotRTLTime":330.41687}
{"selfRTLTime":654.0767,"robotRTLTime":332.1349}
{"selfRTLTime":654.0767,"robotRTLTime":451.943}
{"selfRTLTime":654.8087,"robotRTLTime":451.943}
{"selfRTLTime":654.8087,"robotRTLTime":456.240662}
{"selfRTLTime":663.602234,"robotRTLTime":456.240662}
{"selfRTLTime":672.395752,"robotRTLTime":456.240662}
{"selfRTLTime":672.395752,"robotRTLTime":567.265259}
{"selfRTLTime":699.286865,"robotRTLTime":567.265259}
{"selfRTLTime":726.178,"robotRTLTime":567.265259}
{"selfRTLTime":726.178,"robotRTLTime":586.6797}
{"selfRTLTime":-322.2953,"robotRTLTime":586.6797}
