{"selfRTLTime":0.0,"robotRTLTime":66.2573547}
{"selfRTLTime":2.309967,"robotRTLTime":66.2573547}
{"selfRTLTime":4.619934,"robotRTLTime":66.2573547}
{"selfRTLTime":4.619934,"robotRTLTime":667.7586}
