{"selfRTLTime":43.1378174,"robotRTLTime":0.0}
{"selfRTLTime":86.2756348,"robotRTLTime":0.0}
{"selfRTLTime":86.2756348,"robotRTLTime":24.2766685}
{"selfRTLTime":141.845581,"robotRTLTime":24.2766685}
{"selfRTLTime":197.415527,"robotRTLTime":24.2766685}
{"selfRTLTime":197.415527,"robotRTLTime":48.16905}
{"selfRTLTime":221.527954,"robotRTLTime":48.16905}
{"selfRTLTime":245.640381,"robotRTLTime":48.16905}
{"selfRTLTime":245.640381,"robotRTLTime":50.51283}
{"selfRTLTime":245.640381,"robotRTLTime":84.38902}
{"selfRTLTime":245.640381,"robotRTLTime":127.46109}
{"selfRTLTime":289.363647,"robotRTLTime":127.46109}
{"selfRTLTime":954.0896,"robotRTLTime":127.46109}
{"selfRTLTime":-67.2568359,"robotRTLTime":127.46109}
