{"selfRTLTime":0.0,"robotRTLTime":4.62338638}
{"selfRTLTime":0.0,"robotRTLTime":6.352337}
{"selfRTLTime":1.99841309,"robotRTLTime":6.352337}
{"selfRTLTime":1.99841309,"robotRTLTime":38.6517639}
{"selfRTLTime":56.8889465,"robotRTLTime":38.6517639}
{"selfRTLTime":111.77948,"robotRTLTime":38.6517639}
{"selfRTLTime":111.77948,"robotRTLTime":45.37175}
{"selfRTLTime":137.521439,"robotRTLTime":45.37175}
{"selfRTLTime":137.521439,"robotRTLTime":51.56949}
{"selfRTLTime":266.149261,"robotRTLTime":51.56949}
{"selfRTLTime":277.002472,"robotRTLTime":51.56949}
{"selfRTLTime":284.773163,"robotRTLTime":51.56949}
{"selfRTLTime":546.585938,"robotRTLTime":51.56949}
{"selfRTLTime":-106.465637,"robotRTLTime":51.56949}
