{"selfRTLTime":0.0,"robotRTLTime":136.610916}
{"selfRTLTime":409.32,"robotRTLTime":136.610916}
{"selfRTLTime":834.322144,"robotRTLTime":136.610916}
{"selfRTLTime":1259.32422,"robotRTLTime":136.610916}
