{"selfRTLTime":0.0,"robotRTLTime":2.838459}
{"selfRTLTime":0.0,"robotRTLTime":8.32217}
{"selfRTLTime":0.77571106,"robotRTLTime":8.32217}
{"selfRTLTime":1.15371323,"robotRTLTime":8.32217}
{"selfRTLTime":1.15371323,"robotRTLTime":35.61593}
{"selfRTLTime":23.6277122,"robotRTLTime":35.61593}
{"selfRTLTime":36.14076,"robotRTLTime":35.61593}
{"selfRTLTime":56.0324974,"robotRTLTime":35.61593}
{"selfRTLTime":61.94842,"robotRTLTime":35.61593}
{"selfRTLTime":75.13727,"robotRTLTime":35.61593}
{"selfRTLTime":83.2674561,"robotRTLTime":35.61593}
{"selfRTLTime":103.192871,"robotRTLTime":35.61593}
{"selfRTLTime":103.192871,"robotRTLTime":37.7707138}
{"selfRTLTime":103.192871,"robotRTLTime":64.96978}
{"selfRTLTime":147.183685,"robotRTLTime":64.96978}
{"selfRTLTime":202.22,"robotRTLTime":64.96978}
{"selfRTLTime":208.244415,"robotRTLTime":64.96978}
{"selfRTLTime":215.1127,"robotRTLTime":64.96978}
{"selfRTLTime":227.074585,"robotRTLTime":64.96978}
{"selfRTLTime":453.052826,"robotRTLTime":64.96978}
{"selfRTLTime":679.031067,"robotRTLTime":64.96978}
{"selfRTLTime":679.031067,"robotRTLTime":67.32421}
{"selfRTLTime":695.1145,"robotRTLTime":67.32421}
{"selfRTLTime":711.197937,"robotRTLTime":67.32421}
{"selfRTLTime":711.197937,"robotRTLTime":125.510735}
{"selfRTLTime":711.197937,"robotRTLTime":130.99762}
{"selfRTLTime":711.197937,"robotRTLTime":153.46637}
{"selfRTLTime":711.197937,"robotRTLTime":200.9588}
{"selfRTLTime":722.727661,"robotRTLTime":200.9588}
{"selfRTLTime":769.2062,"robotRTLTime":200.9588}
