{"selfRTLTime":0.0,"robotRTLTime":0.842882156}
{"selfRTLTime":0.0,"robotRTLTime":107.07576}
{"selfRTLTime":0.0,"robotRTLTime":247.6737}
{"selfRTLTime":1.56555176,"robotRTLTime":247.6737}
{"selfRTLTime":3.13110352,"robotRTLTime":247.6737}
{"selfRTLTime":3.13110352,"robotRTLTime":263.267822}
{"selfRTLTime":126.2814,"robotRTLTime":263.267822}
{"selfRTLTime":140.133118,"robotRTLTime":263.267822}
{"selfRTLTime":153.984833,"robotRTLTime":263.267822}
{"selfRTLTime":153.984833,"robotRTLTime":267.600037}
{"selfRTLTime":228.53595,"robotRTLTime":267.600037}
{"selfRTLTime":303.087067,"robotRTLTime":267.600037}
{"selfRTLTime":303.087067,"robotRTLTime":276.919434}
{"selfRTLTime":343.101837,"robotRTLTime":276.919434}
{"selfRTLTime":383.1166,"robotRTLTime":276.919434}
{"selfRTLTime":383.1166,"robotRTLTime":295.211426}
{"selfRTLTime":391.516754,"robotRTLTime":295.211426}
{"selfRTLTime":399.9169,"robotRTLTime":295.211426}
{"selfRTLTime":399.9169,"robotRTLTime":301.131775}
{"selfRTLTime":403.093048,"robotRTLTime":301.131775}
{"selfRTLTime":406.2692,"robotRTLTime":301.131775}
{"selfRTLTime":406.2692,"robotRTLTime":375.509644}
{"selfRTLTime":445.933624,"robotRTLTime":375.509644}
{"selfRTLTime":493.889252,"robotRTLTime":375.509644}
{"selfRTLTime":541.844849,"robotRTLTime":375.509644}
{"selfRTLTime":541.844849,"robotRTLTime":382.110168}
{"selfRTLTime":568.942,"robotRTLTime":382.110168}
{"selfRTLTime":596.0392,"robotRTLTime":382.110168}
{"selfRTLTime":596.0392,"robotRTLTime":397.349243}
{"selfRTLTime":658.648132,"robotRTLTime":397.349243}
{"selfRTLTime":680.17395,"robotRTLTime":397.349243}
{"selfRTLTime":701.699768,"robotRTLTime":397.349243}
{"selfRTLTime":701.699768,"robotRTLTime":403.232239}
{"selfRTLTime":705.490845,"robotRTLTime":403.232239}
{"selfRTLTime":709.2819,"robotRTLTime":403.232239}
{"selfRTLTime":709.2819,"robotRTLTime":479.087952}
{"selfRTLTime":717.512,"robotRTLTime":479.087952}
{"selfRTLTime":725.7421,"robotRTLTime":479.087952}
{"selfRTLTime":725.7421,"robotRTLTime":491.43103}
{"selfRTLTime":734.4483,"robotRTLTime":491.43103}
{"selfRTLTime":743.1545,"robotRTLTime":491.43103}
{"selfRTLTime":743.1545,"robotRTLTime":541.710938}
{"selfRTLTime":750.850037,"robotRTLTime":541.710938}
{"selfRTLTime":758.5456,"robotRTLTime":541.710938}
{"selfRTLTime":758.5456,"robotRTLTime":604.7075}
{"selfRTLTime":760.5025,"robotRTLTime":604.7075}
{"selfRTLTime":762.4594,"robotRTLTime":604.7075}
{"selfRTLTime":762.4594,"robotRTLTime":631.465454}
{"selfRTLTime":812.660461,"robotRTLTime":631.465454}
{"selfRTLTime":862.8615,"robotRTLTime":631.465454}
