{"selfRTLTime":0.0,"robotRTLTime":7.30565929}
{"selfRTLTime":26.3038445,"robotRTLTime":7.30565929}
{"selfRTLTime":26.3038445,"robotRTLTime":12.1928663}
{"selfRTLTime":28.9911766,"robotRTLTime":12.1928663}
{"selfRTLTime":31.6785088,"robotRTLTime":12.1928663}
{"selfRTLTime":31.6785088,"robotRTLTime":76.62506}
{"selfRTLTime":31.6785088,"robotRTLTime":144.17955}
{"selfRTLTime":31.6785088,"robotRTLTime":169.8364}
{"selfRTLTime":304.72757,"robotRTLTime":169.8364}
{"selfRTLTime":577.7766,"robotRTLTime":169.8364}
{"selfRTLTime":577.7766,"robotRTLTime":211.345184}
{"selfRTLTime":578.9831,"robotRTLTime":211.345184}
{"selfRTLTime":578.9831,"robotRTLTime":218.157318}
{"selfRTLTime":580.100769,"robotRTLTime":218.157318}
{"selfRTLTime":581.218445,"robotRTLTime":218.157318}
{"selfRTLTime":581.218445,"robotRTLTime":229.8223}
{"selfRTLTime":932.9099,"robotRTLTime":229.8223}
{"selfRTLTime":1284.60132,"robotRTLTime":229.8223}
