{"selfRTLTime":56.44489,"robotRTLTime":0.0}
{"selfRTLTime":60.9499245,"robotRTLTime":0.0}
{"selfRTLTime":107.00293,"robotRTLTime":0.0}
{"selfRTLTime":134.756287,"robotRTLTime":0.0}
{"selfRTLTime":162.509644,"robotRTLTime":0.0}
{"selfRTLTime":162.509644,"robotRTLTime":2.57926941}
{"selfRTLTime":166.503784,"robotRTLTime":2.57926941}
{"selfRTLTime":170.497925,"robotRTLTime":2.57926941}
{"selfRTLTime":170.497925,"robotRTLTime":27.0466766}
{"selfRTLTime":171.164169,"robotRTLTime":27.0466766}
{"selfRTLTime":175.840073,"robotRTLTime":27.0466766}
{"selfRTLTime":176.462616,"robotRTLTime":27.0466766}
{"selfRTLTime":493.037537,"robotRTLTime":27.0466766}
{"selfRTLTime":519.4169,"robotRTLTime":27.0466766}
{"selfRTLTime":674.944763,"robotRTLTime":27.0466766}
{"selfRTLTime":726.8907,"robotRTLTime":27.0466766}
{"selfRTLTime":778.8366,"robotRTLTime":27.0466766}
{"selfRTLTime":778.8366,"robotRTLTime":65.69798}
{"selfRTLTime":799.439941,"robotRTLTime":65.69798}
{"selfRTLTime":803.4115,"robotRTLTime":65.69798}
{"selfRTLTime":804.4442,"robotRTLTime":65.69798}
{"selfRTLTime":812.0578,"robotRTLTime":65.69798}
{"selfRTLTime":819.6714,"robotRTLTime":65.69798}
{"selfRTLTime":819.6714,"robotRTLTime":77.98454}
{"selfRTLTime":824.295,"robotRTLTime":77.98454}
{"selfRTLTime":828.9186,"robotRTLTime":77.98454}
{"selfRTLTime":828.9186,"robotRTLTime":85.86571}
{"selfRTLTime":831.5628,"robotRTLTime":85.86571}
{"selfRTLTime":834.207031,"robotRTLTime":85.86571}
{"selfRTLTime":834.207031,"robotRTLTime":192.170212}
{"selfRTLTime":855.1096,"robotRTLTime":192.170212}
{"selfRTLTime":876.0122,"robotRTLTime":192.170212}
{"selfRTLTime":876.0122,"robotRTLTime":192.860519}
{"selfRTLTime":876.0122,"robotRTLTime":204.522629}
{"selfRTLTime":-174.461182,"robotRTLTime":204.522629}
