{"selfRTLTime":0.0,"robotRTLTime":13.2830629}
{"selfRTLTime":36.78602,"robotRTLTime":13.2830629}
{"selfRTLTime":73.57204,"robotRTLTime":13.2830629}
{"selfRTLTime":73.57204,"robotRTLTime":14.8716631}
{"selfRTLTime":75.19177,"robotRTLTime":14.8716631}
{"selfRTLTime":76.81151,"robotRTLTime":14.8716631}
{"selfRTLTime":76.81151,"robotRTLTime":23.0015984}
{"selfRTLTime":221.76532,"robotRTLTime":23.0015984}
{"selfRTLTime":322.268646,"robotRTLTime":23.0015984}
{"selfRTLTime":422.771973,"robotRTLTime":23.0015984}
{"selfRTLTime":422.771973,"robotRTLTime":27.5108452}
{"selfRTLTime":731.973267,"robotRTLTime":27.5108452}
{"selfRTLTime":1041.17456,"robotRTLTime":27.5108452}
{"selfRTLTime":1041.17456,"robotRTLTime":45.4300957}
{"selfRTLTime":1043.74939,"robotRTLTime":45.4300957}
{"selfRTLTime":1046.32422,"robotRTLTime":45.4300957}
{"selfRTLTime":1046.32422,"robotRTLTime":64.50108}
{"selfRTLTime":1101.73474,"robotRTLTime":64.50108}
{"selfRTLTime":1157.14526,"robotRTLTime":64.50108}
{"selfRTLTime":1157.14526,"robotRTLTime":71.6780853}
{"selfRTLTime":1222.44141,"robotRTLTime":71.6780853}
{"selfRTLTime":1287.73755,"robotRTLTime":71.6780853}
{"selfRTLTime":1287.73755,"robotRTLTime":73.9399261}
{"selfRTLTime":483.991577,"robotRTLTime":73.9399261}
