{"selfRTLTime":14.9169073,"robotRTLTime":0.0}
{"selfRTLTime":29.8338146,"robotRTLTime":0.0}
{"selfRTLTime":29.8338146,"robotRTLTime":95.82415}
{"selfRTLTime":40.2301865,"robotRTLTime":95.82415}
{"selfRTLTime":94.3637,"robotRTLTime":95.82415}
{"selfRTLTime":136.534119,"robotRTLTime":95.82415}
{"selfRTLTime":154.7296,"robotRTLTime":95.82415}
{"selfRTLTime":178.475662,"robotRTLTime":95.82415}
{"selfRTLTime":202.221725,"robotRTLTime":95.82415}
{"selfRTLTime":202.221725,"robotRTLTime":116.442253}
{"selfRTLTime":220.522171,"robotRTLTime":116.442253}
{"selfRTLTime":238.822617,"robotRTLTime":116.442253}
{"selfRTLTime":238.822617,"robotRTLTime":132.759644}
{"selfRTLTime":280.19342,"robotRTLTime":132.759644}
{"selfRTLTime":321.56424,"robotRTLTime":132.759644}
{"selfRTLTime":321.56424,"robotRTLTime":151.377716}
{"selfRTLTime":329.337677,"robotRTLTime":151.377716}
{"selfRTLTime":337.1111,"robotRTLTime":151.377716}
{"selfRTLTime":337.1111,"robotRTLTime":171.060974}
{"selfRTLTime":363.054932,"robotRTLTime":171.060974}
{"selfRTLTime":363.054932,"robotRTLTime":212.490265}
{"selfRTLTime":498.244629,"robotRTLTime":212.490265}
{"selfRTLTime":633.4343,"robotRTLTime":212.490265}
{"selfRTLTime":633.4343,"robotRTLTime":224.876617}
{"selfRTLTime":718.1026,"robotRTLTime":224.876617}
{"selfRTLTime":802.7709,"robotRTLTime":224.876617}
{"selfRTLTime":802.7709,"robotRTLTime":228.073822}
{"selfRTLTime":817.553,"robotRTLTime":228.073822}
{"selfRTLTime":832.3351,"robotRTLTime":228.073822}
{"selfRTLTime":832.3351,"robotRTLTime":279.467072}
{"selfRTLTime":860.2472,"robotRTLTime":279.467072}
{"selfRTLTime":888.1593,"robotRTLTime":279.467072}
{"selfRTLTime":888.1593,"robotRTLTime":286.21463}
{"selfRTLTime":893.746,"robotRTLTime":286.21463}
{"selfRTLTime":899.332642,"robotRTLTime":286.21463}
{"selfRTLTime":899.332642,"robotRTLTime":303.674225}
{"selfRTLTime":902.243347,"robotRTLTime":303.674225}
{"selfRTLTime":905.154053,"robotRTLTime":303.674225}
{"selfRTLTime":905.154053,"robotRTLTime":358.00058}
{"selfRTLTime":-35.09131,"robotRTLTime":358.00058}
