{"selfRTLTime":0.9629898,"robotRTLTime":0.0}
{"selfRTLTime":0.9629898,"robotRTLTime":8.307915}
{"selfRTLTime":0.9629898,"robotRTLTime":72.50275}
{"selfRTLTime":27.064949,"robotRTLTime":72.50275}
{"selfRTLTime":36.1902542,"robotRTLTime":72.50275}
{"selfRTLTime":107.526833,"robotRTLTime":72.50275}
{"selfRTLTime":149.318268,"robotRTLTime":72.50275}
{"selfRTLTime":263.0174,"robotRTLTime":72.50275}
{"selfRTLTime":296.805878,"robotRTLTime":72.50275}
{"selfRTLTime":330.59436,"robotRTLTime":72.50275}
{"selfRTLTime":330.59436,"robotRTLTime":79.4313049}
{"selfRTLTime":339.691467,"robotRTLTime":79.4313049}
{"selfRTLTime":341.697937,"robotRTLTime":79.4313049}
{"selfRTLTime":343.7044,"robotRTLTime":79.4313049}
{"selfRTLTime":343.7044,"robotRTLTime":94.16043}
{"selfRTLTime":421.562073,"robotRTLTime":94.16043}
{"selfRTLTime":421.562073,"robotRTLTime":97.29312}
{"selfRTLTime":532.2049,"robotRTLTime":97.29312}
{"selfRTLTime":642.8477,"robotRTLTime":97.29312}
{"selfRTLTime":642.8477,"robotRTLTime":182.870331}
{"selfRTLTime":642.8477,"robotRTLTime":198.220123}
{"selfRTLTime":762.1379,"robotRTLTime":198.220123}
{"selfRTLTime":881.42804,"robotRTLTime":198.220123}
{"selfRTLTime":881.42804,"robotRTLTime":205.236847}
{"selfRTLTime":883.5607,"robotRTLTime":205.236847}
{"selfRTLTime":885.6934,"robotRTLTime":205.236847}
