{"selfRTLTime":40.8406258,"robotRTLTime":0.0}
{"selfRTLTime":81.68125,"robotRTLTime":0.0}
{"selfRTLTime":81.68125,"robotRTLTime":5.75156}
{"selfRTLTime":113.39959,"robotRTLTime":5.75156}
{"selfRTLTime":265.041473,"robotRTLTime":5.75156}
{"selfRTLTime":416.68335,"robotRTLTime":5.75156}
{"selfRTLTime":416.68335,"robotRTLTime":9.058811}
{"selfRTLTime":428.679474,"robotRTLTime":9.058811}
{"selfRTLTime":440.6756,"robotRTLTime":9.058811}
{"selfRTLTime":440.6756,"robotRTLTime":12.157383}
{"selfRTLTime":480.469849,"robotRTLTime":12.157383}
{"selfRTLTime":514.943,"robotRTLTime":12.157383}
{"selfRTLTime":770.749451,"robotRTLTime":12.157383}
{"selfRTLTime":1026.55591,"robotRTLTime":12.157383}
{"selfRTLTime":1026.55591,"robotRTLTime":108.711456}
{"selfRTLTime":1055.40869,"robotRTLTime":108.711456}
{"selfRTLTime":1084.26147,"robotRTLTime":108.711456}
{"selfRTLTime":1084.26147,"robotRTLTime":130.027069}
{"selfRTLTime":1089.446,"robotRTLTime":130.027069}
{"selfRTLTime":1094.63062,"robotRTLTime":130.027069}
{"selfRTLTime":1094.63062,"robotRTLTime":155.194916}
{"selfRTLTime":1260.49048,"robotRTLTime":155.194916}
{"selfRTLTime":1426.35034,"robotRTLTime":155.194916}
{"selfRTLTime":1426.35034,"robotRTLTime":324.10257}
{"selfRTLTime":1433.38086,"robotRTLTime":324.10257}
{"selfRTLTime":1440.41138,"robotRTLTime":324.10257}
{"selfRTLTime":1440.41138,"robotRTLTime":325.602081}
{"selfRTLTime":1452.32813,"robotRTLTime":325.602081}
{"selfRTLTime":1464.24487,"robotRTLTime":325.602081}
{"selfRTLTime":1464.24487,"robotRTLTime":362.9755}
{"selfRTLTime":1467.63245,"robotRTLTime":362.9755}
{"selfRTLTime":1471.02,"robotRTLTime":362.9755}
{"selfRTLTime":1471.02,"robotRTLTime":377.682648}
{"selfRTLTime":1543.74744,"robotRTLTime":377.682648}
{"selfRTLTime":1616.47485,"robotRTLTime":377.682648}
{"selfRTLTime":1616.47485,"robotRTLTime":381.591827}
{"selfRTLTime":1616.47485,"robotRTLTime":410.0142}
