{"selfRTLTime":0.0,"robotRTLTime":144.61409}
{"selfRTLTime":46.732193,"robotRTLTime":144.61409}
{"selfRTLTime":145.4044,"robotRTLTime":144.61409}
{"selfRTLTime":244.076614,"robotRTLTime":144.61409}
{"selfRTLTime":244.076614,"robotRTLTime":154.459854}
{"selfRTLTime":618.940063,"robotRTLTime":154.459854}
{"selfRTLTime":633.1554,"robotRTLTime":154.459854}
{"selfRTLTime":640.612732,"robotRTLTime":154.459854}
{"selfRTLTime":640.612732,"robotRTLTime":162.011978}
{"selfRTLTime":646.832764,"robotRTLTime":162.011978}
{"selfRTLTime":653.0528,"robotRTLTime":162.011978}
{"selfRTLTime":653.0528,"robotRTLTime":182.425369}
{"selfRTLTime":-120.744263,"robotRTLTime":182.425369}
