{"selfRTLTime":5.061612,"robotRTLTime":0.0}
{"selfRTLTime":5.061612,"robotRTLTime":82.25616}
{"selfRTLTime":43.35648,"robotRTLTime":82.25616}
{"selfRTLTime":43.35648,"robotRTLTime":92.8501358}
{"selfRTLTime":59.67139,"robotRTLTime":92.8501358}
{"selfRTLTime":236.075439,"robotRTLTime":92.8501358}
{"selfRTLTime":412.4795,"robotRTLTime":92.8501358}
{"selfRTLTime":412.4795,"robotRTLTime":109.403084}
{"selfRTLTime":434.161,"robotRTLTime":109.403084}
{"selfRTLTime":455.842529,"robotRTLTime":109.403084}
{"selfRTLTime":455.842529,"robotRTLTime":118.071205}
{"selfRTLTime":509.270325,"robotRTLTime":118.071205}
{"selfRTLTime":530.840332,"robotRTLTime":118.071205}
{"selfRTLTime":533.217041,"robotRTLTime":118.071205}
{"selfRTLTime":535.671631,"robotRTLTime":118.071205}
{"selfRTLTime":538.9341,"robotRTLTime":118.071205}
{"selfRTLTime":542.196533,"robotRTLTime":118.071205}
{"selfRTLTime":542.196533,"robotRTLTime":133.540985}
{"selfRTLTime":825.2234,"robotRTLTime":133.540985}
{"selfRTLTime":1108.25024,"robotRTLTime":133.540985}
