{"selfRTLTime":23.8027611,"robotRTLTime":0.0}
{"selfRTLTime":47.6055222,"robotRTLTime":0.0}
{"selfRTLTime":47.6055222,"robotRTLTime":36.0857239}
{"selfRTLTime":47.6055222,"robotRTLTime":58.5484161}
{"selfRTLTime":106.948837,"robotRTLTime":58.5484161}
{"selfRTLTime":166.292145,"robotRTLTime":58.5484161}
{"selfRTLTime":166.292145,"robotRTLTime":62.9911652}
{"selfRTLTime":170.2079,"robotRTLTime":62.9911652}
{"selfRTLTime":174.123657,"robotRTLTime":62.9911652}
{"selfRTLTime":174.123657,"robotRTLTime":95.1618347}
{"selfRTLTime":174.785339,"robotRTLTime":95.1618347}
{"selfRTLTime":174.785339,"robotRTLTime":101.791321}
{"selfRTLTime":178.85498,"robotRTLTime":101.791321}
{"selfRTLTime":182.924622,"robotRTLTime":101.791321}
{"selfRTLTime":182.924622,"robotRTLTime":134.4736}
{"selfRTLTime":213.062134,"robotRTLTime":134.4736}
{"selfRTLTime":243.199646,"robotRTLTime":134.4736}
{"selfRTLTime":243.199646,"robotRTLTime":167.677}
{"selfRTLTime":245.021454,"robotRTLTime":167.677}
{"selfRTLTime":246.843262,"robotRTLTime":167.677}
{"selfRTLTime":246.843262,"robotRTLTime":219.7178}
{"selfRTLTime":265.234772,"robotRTLTime":219.7178}
{"selfRTLTime":284.5919,"robotRTLTime":219.7178}
{"selfRTLTime":423.549652,"robotRTLTime":219.7178}
{"selfRTLTime":426.8649,"robotRTLTime":219.7178}
{"selfRTLTime":488.401276,"robotRTLTime":219.7178}
{"selfRTLTime":613.615,"robotRTLTime":219.7178}
{"selfRTLTime":738.8287,"robotRTLTime":219.7178}
{"selfRTLTime":738.8287,"robotRTLTime":249.194244}
{"selfRTLTime":774.3743,"robotRTLTime":249.194244}
{"selfRTLTime":809.92,"robotRTLTime":249.194244}
{"selfRTLTime":809.92,"robotRTLTime":286.0792}
{"selfRTLTime":811.2747,"robotRTLTime":286.0792}
{"selfRTLTime":812.629456,"robotRTLTime":286.0792}
{"selfRTLTime":812.629456,"robotRTLTime":287.189972}
{"selfRTLTime":812.629456,"robotRTLTime":466.8195}
{"selfRTLTime":-246.680725,"robotRTLTime":466.8195}
