{"selfRTLTime":0.0,"robotRTLTime":22.4569187}
{"selfRTLTime":19.39603,"robotRTLTime":22.4569187}
{"selfRTLTime":38.79206,"robotRTLTime":22.4569187}
{"selfRTLTime":38.79206,"robotRTLTime":28.1434345}
{"selfRTLTime":79.382,"robotRTLTime":28.1434345}
{"selfRTLTime":79.382,"robotRTLTime":44.9250336}
{"selfRTLTime":257.758484,"robotRTLTime":44.9250336}
{"selfRTLTime":436.134979,"robotRTLTime":44.9250336}
{"selfRTLTime":436.134979,"robotRTLTime":59.14775}
{"selfRTLTime":436.4857,"robotRTLTime":59.14775}
{"selfRTLTime":436.792419,"robotRTLTime":59.14775}
{"selfRTLTime":667.6453,"robotRTLTime":59.14775}
{"selfRTLTime":898.4982,"robotRTLTime":59.14775}
{"selfRTLTime":898.4982,"robotRTLTime":124.942978}
{"selfRTLTime":929.7603,"robotRTLTime":124.942978}
{"selfRTLTime":961.0224,"robotRTLTime":124.942978}
{"selfRTLTime":961.0224,"robotRTLTime":184.965866}
{"selfRTLTime":961.2591,"robotRTLTime":184.965866}
{"selfRTLTime":967.877869,"robotRTLTime":184.965866}
{"selfRTLTime":974.496643,"robotRTLTime":184.965866}
{"selfRTLTime":974.496643,"robotRTLTime":187.764572}
{"selfRTLTime":1088.96265,"robotRTLTime":187.764572}
{"selfRTLTime":1203.42859,"robotRTLTime":187.764572}
{"selfRTLTime":1203.42859,"robotRTLTime":211.13298}
{"selfRTLTime":1203.42859,"robotRTLTime":259.4679}
{"selfRTLTime":1203.42859,"robotRTLTime":290.701}
{"selfRTLTime":1203.73926,"robotRTLTime":290.701}
{"selfRTLTime":1220.28174,"robotRTLTime":290.701}
{"selfRTLTime":1236.82422,"robotRTLTime":290.701}
{"selfRTLTime":1236.82422,"robotRTLTime":321.088928}
{"selfRTLTime":1236.82422,"robotRTLTime":396.249084}
{"selfRTLTime":1237.09143,"robotRTLTime":396.249084}
{"selfRTLTime":129.115479,"robotRTLTime":396.249084}
