{"selfRTLTime":0.0,"robotRTLTime":43.9271545}{"selfRTLTime":18.8913345,"robotRTLTime":43.9271545}{"selfRTLTime":147.095551,"robotRTLTime":43.9271545}{"selfRTLTime":313.3192,"robotRTLTime":43.9271545}{"selfRTLTime":313.961945,"robotRTLTime":43.9271545}{"selfRTLTime":-261.812225,"robotRTLTime":43.9271545}