{"selfRTLTime":0.0,"robotRTLTime":8.308568}{"selfRTLTime":33.29715,"robotRTLTime":8.308568}{"selfRTLTime":66.5943,"robotRTLTime":8.308568}{"selfRTLTime":66.5943,"robotRTLTime":40.3356934}{"selfRTLTime":96.18451,"robotRTLTime":40.3356934}{"selfRTLTime":125.774719,"robotRTLTime":40.3356934}{"selfRTLTime":125.774719,"robotRTLTime":74.11463}{"selfRTLTime":126.35202,"robotRTLTime":74.11463}{"selfRTLTime":148.360626,"robotRTLTime":74.11463}{"selfRTLTime":486.051147,"robotRTLTime":74.11463}{"selfRTLTime":823.7417,"robotRTLTime":74.11463}{"selfRTLTime":823.7417,"robotRTLTime":78.91627}{"selfRTLTime":826.063232,"robotRTLTime":78.91627}{"selfRTLTime":828.384766,"robotRTLTime":78.91627}{"selfRTLTime":828.384766,"robotRTLTime":86.00239}{"selfRTLTime":830.417053,"robotRTLTime":86.00239}{"selfRTLTime":832.449341,"robotRTLTime":86.00239}{"selfRTLTime":832.449341,"robotRTLTime":105.272346}{"selfRTLTime":919.825745,"robotRTLTime":105.272346}{"selfRTLTime":1007.20215,"robotRTLTime":105.272346}{"selfRTLTime":1007.20215,"robotRTLTime":123.372444}{"selfRTLTime":1011.67126,"robotRTLTime":123.372444}{"selfRTLTime":1011.67126,"robotRTLTime":155.865845}{"selfRTLTime":1021.95087,"robotRTLTime":155.865845}{"selfRTLTime":1032.23047,"robotRTLTime":155.865845}{"selfRTLTime":1032.23047,"robotRTLTime":187.65686}{"selfRTLTime":1037.061,"robotRTLTime":187.65686}{"selfRTLTime":1041.8916,"robotRTLTime":187.65686}{"selfRTLTime":1041.8916,"robotRTLTime":199.049377}{"selfRTLTime":1050.73169,"robotRTLTime":199.049377}{"selfRTLTime":1059.57178,"robotRTLTime":199.049377}{"selfRTLTime":1059.57178,"robotRTLTime":214.348022}{"selfRTLTime":1065.6366,"robotRTLTime":214.348022}{"selfRTLTime":1071.70142,"robotRTLTime":214.348022}{"selfRTLTime":1071.70142,"robotRTLTime":237.538269}{"selfRTLTime":1076.6333,"robotRTLTime":237.538269}{"selfRTLTime":1076.6333,"robotRTLTime":251.528137}{"selfRTLTime":1076.6333,"robotRTLTime":312.958862}{"selfRTLTime":1091.67871,"robotRTLTime":312.958862}{"selfRTLTime":1106.72412,"robotRTLTime":312.958862}{"selfRTLTime":1106.72412,"robotRTLTime":314.701843}{"selfRTLTime":1109.45715,"robotRTLTime":314.701843}{"selfRTLTime":1112.19019,"robotRTLTime":314.701843}{"selfRTLTime":1112.19019,"robotRTLTime":459.227234}{"selfRTLTime":44.85327,"robotRTLTime":459.227234}