{"selfRTLTime":0.0,"robotRTLTime":12.5284309}{"selfRTLTime":39.3286934,"robotRTLTime":12.5284309}{"selfRTLTime":78.65739,"robotRTLTime":12.5284309}{"selfRTLTime":78.65739,"robotRTLTime":23.4807434}{"selfRTLTime":212.8334,"robotRTLTime":23.4807434}{"selfRTLTime":347.00943,"robotRTLTime":23.4807434}{"selfRTLTime":347.00943,"robotRTLTime":44.06363}{"selfRTLTime":351.772949,"robotRTLTime":44.06363}{"selfRTLTime":351.772949,"robotRTLTime":54.84131}{"selfRTLTime":403.070251,"robotRTLTime":54.84131}{"selfRTLTime":599.610352,"robotRTLTime":54.84131}{"selfRTLTime":625.99115,"robotRTLTime":54.84131}{"selfRTLTime":633.672852,"robotRTLTime":54.84131}{"selfRTLTime":650.6899,"robotRTLTime":54.84131}{"selfRTLTime":667.7069,"robotRTLTime":54.84131}{"selfRTLTime":667.7069,"robotRTLTime":101.113159}{"selfRTLTime":-14.2352905,"robotRTLTime":101.113159}