{"selfRTLTime":0.0,"robotRTLTime":25.4124641}{"selfRTLTime":0.0,"robotRTLTime":28.142067}{"selfRTLTime":0.0,"robotRTLTime":88.81398}{"selfRTLTime":13.8501816,"robotRTLTime":88.81398}{"selfRTLTime":27.7003632,"robotRTLTime":88.81398}{"selfRTLTime":27.7003632,"robotRTLTime":107.022614}{"selfRTLTime":69.61693,"robotRTLTime":107.022614}{"selfRTLTime":111.533493,"robotRTLTime":107.022614}{"selfRTLTime":111.533493,"robotRTLTime":111.049179}{"selfRTLTime":272.80426,"robotRTLTime":111.049179}{"selfRTLTime":272.80426,"robotRTLTime":133.752365}{"selfRTLTime":283.194672,"robotRTLTime":133.752365}{"selfRTLTime":293.585083,"robotRTLTime":133.752365}{"selfRTLTime":293.585083,"robotRTLTime":159.979813}{"selfRTLTime":883.3591,"robotRTLTime":159.979813}{"selfRTLTime":1473.133,"robotRTLTime":159.979813}{"selfRTLTime":1473.133,"robotRTLTime":231.278214}