{"selfRTLTime":0.0,"robotRTLTime":35.8967056}{"selfRTLTime":0.0,"robotRTLTime":87.65044}{"selfRTLTime":183.860962,"robotRTLTime":87.65044}{"selfRTLTime":367.721924,"robotRTLTime":87.65044}{"selfRTLTime":367.721924,"robotRTLTime":123.046707}{"selfRTLTime":591.103149,"robotRTLTime":123.046707}{"selfRTLTime":591.103149,"robotRTLTime":147.1299}{"selfRTLTime":647.0436,"robotRTLTime":147.1299}{"selfRTLTime":702.984,"robotRTLTime":147.1299}{"selfRTLTime":702.984,"robotRTLTime":169.124344}{"selfRTLTime":702.984,"robotRTLTime":203.254715}{"selfRTLTime":703.717468,"robotRTLTime":203.254715}{"selfRTLTime":1031.9696,"robotRTLTime":203.254715}{"selfRTLTime":1360.22168,"robotRTLTime":203.254715}{"selfRTLTime":1360.22168,"robotRTLTime":222.257645}{"selfRTLTime":1368.2041,"robotRTLTime":222.257645}{"selfRTLTime":1376.18652,"robotRTLTime":222.257645}{"selfRTLTime":1376.18652,"robotRTLTime":276.271057}{"selfRTLTime":242.216187,"robotRTLTime":276.271057}