{"selfRTLTime":22.7423935,"robotRTLTime":0.0}{"selfRTLTime":45.484787,"robotRTLTime":0.0}{"selfRTLTime":45.484787,"robotRTLTime":6.11299133}{"selfRTLTime":292.4551,"robotRTLTime":6.11299133}{"selfRTLTime":-34.8704529,"robotRTLTime":6.11299133}