{"selfRTLTime":1.38584232,"robotRTLTime":0.0}{"selfRTLTime":4.18483543,"robotRTLTime":0.0}{"selfRTLTime":4.537093,"robotRTLTime":0.0}{"selfRTLTime":89.66972,"robotRTLTime":0.0}{"selfRTLTime":174.802353,"robotRTLTime":0.0}{"selfRTLTime":174.802353,"robotRTLTime":144.265656}{"selfRTLTime":193.025711,"robotRTLTime":144.265656}{"selfRTLTime":211.249069,"robotRTLTime":144.265656}{"selfRTLTime":211.249069,"robotRTLTime":318.705}{"selfRTLTime":249.912125,"robotRTLTime":318.705}{"selfRTLTime":288.5752,"robotRTLTime":318.705}{"selfRTLTime":288.5752,"robotRTLTime":325.128021}{"selfRTLTime":290.793976,"robotRTLTime":325.128021}{"selfRTLTime":293.012756,"robotRTLTime":325.128021}{"selfRTLTime":293.012756,"robotRTLTime":367.733429}{"selfRTLTime":293.012756,"robotRTLTime":368.910065}{"selfRTLTime":423.0869,"robotRTLTime":368.910065}{"selfRTLTime":553.1611,"robotRTLTime":368.910065}{"selfRTLTime":553.1611,"robotRTLTime":407.9974}{"selfRTLTime":581.8387,"robotRTLTime":407.9974}{"selfRTLTime":610.5163,"robotRTLTime":407.9974}{"selfRTLTime":610.5163,"robotRTLTime":515.2982}{"selfRTLTime":683.208435,"robotRTLTime":515.2982}{"selfRTLTime":755.9006,"robotRTLTime":515.2982}{"selfRTLTime":755.9006,"robotRTLTime":524.795532}{"selfRTLTime":758.8205,"robotRTLTime":524.795532}{"selfRTLTime":758.8205,"robotRTLTime":655.7252}{"selfRTLTime":902.262,"robotRTLTime":655.7252}{"selfRTLTime":1045.70361,"robotRTLTime":655.7252}{"selfRTLTime":1045.70361,"robotRTLTime":717.9883}{"selfRTLTime":1060.656,"robotRTLTime":717.9883}{"selfRTLTime":1075.6084,"robotRTLTime":717.9883}{"selfRTLTime":1075.6084,"robotRTLTime":735.6467}{"selfRTLTime":-249.704468,"robotRTLTime":735.6467}