{"selfRTLTime":0.0,"robotRTLTime":3.821838}{"selfRTLTime":0.0,"robotRTLTime":22.37036}{"selfRTLTime":6.1724205,"robotRTLTime":22.37036}{"selfRTLTime":12.344841,"robotRTLTime":22.37036}{"selfRTLTime":12.344841,"robotRTLTime":72.87328}{"selfRTLTime":29.1977,"robotRTLTime":72.87328}{"selfRTLTime":46.05056,"robotRTLTime":72.87328}{"selfRTLTime":46.05056,"robotRTLTime":85.38805}{"selfRTLTime":52.6022263,"robotRTLTime":85.38805}{"selfRTLTime":59.1538925,"robotRTLTime":85.38805}{"selfRTLTime":59.1538925,"robotRTLTime":128.773621}{"selfRTLTime":154.472809,"robotRTLTime":128.773621}{"selfRTLTime":249.791733,"robotRTLTime":128.773621}{"selfRTLTime":249.791733,"robotRTLTime":147.529022}{"selfRTLTime":-44.1160126,"robotRTLTime":147.529022}