{"selfRTLTime":0.0,"robotRTLTime":20.3246841}{"selfRTLTime":12.2130661,"robotRTLTime":20.3246841}{"selfRTLTime":24.4261322,"robotRTLTime":20.3246841}{"selfRTLTime":24.4261322,"robotRTLTime":60.3137054}{"selfRTLTime":59.44187,"robotRTLTime":60.3137054}{"selfRTLTime":94.45761,"robotRTLTime":60.3137054}{"selfRTLTime":94.45761,"robotRTLTime":157.3964}{"selfRTLTime":94.45761,"robotRTLTime":217.98407}{"selfRTLTime":94.7686157,"robotRTLTime":217.98407}{"selfRTLTime":171.782562,"robotRTLTime":217.98407}{"selfRTLTime":248.796509,"robotRTLTime":217.98407}{"selfRTLTime":248.796509,"robotRTLTime":229.889618}{"selfRTLTime":315.908539,"robotRTLTime":229.889618}{"selfRTLTime":383.020569,"robotRTLTime":229.889618}{"selfRTLTime":383.020569,"robotRTLTime":294.096863}{"selfRTLTime":539.343262,"robotRTLTime":294.096863}{"selfRTLTime":640.223755,"robotRTLTime":294.096863}{"selfRTLTime":741.104248,"robotRTLTime":294.096863}{"selfRTLTime":741.104248,"robotRTLTime":413.627869}{"selfRTLTime":-179.568115,"robotRTLTime":413.627869}