{"selfRTLTime":0.0,"robotRTLTime":14.8348541}{"selfRTLTime":21.14743,"robotRTLTime":14.8348541}{"selfRTLTime":42.29486,"robotRTLTime":14.8348541}{"selfRTLTime":42.29486,"robotRTLTime":29.543045}{"selfRTLTime":872.3895,"robotRTLTime":29.543045}{"selfRTLTime":1702.48425,"robotRTLTime":29.543045}{"selfRTLTime":1702.48425,"robotRTLTime":85.82655}{"selfRTLTime":1702.48425,"robotRTLTime":101.058731}{"selfRTLTime":1707.837,"robotRTLTime":101.058731}{"selfRTLTime":1713.18982,"robotRTLTime":101.058731}