{"selfRTLTime":0.0,"robotRTLTime":65.91713}{"selfRTLTime":0.0,"robotRTLTime":142.207321}{"selfRTLTime":1.13269043,"robotRTLTime":142.207321}{"selfRTLTime":2.26538086,"robotRTLTime":142.207321}{"selfRTLTime":2.26538086,"robotRTLTime":162.047928}{"selfRTLTime":-362.389252,"robotRTLTime":162.047928}