{"selfRTLTime":0.0,"robotRTLTime":30.2009716}{"selfRTLTime":69.02635,"robotRTLTime":30.2009716}{"selfRTLTime":138.0527,"robotRTLTime":30.2009716}{"selfRTLTime":138.0527,"robotRTLTime":50.21805}{"selfRTLTime":159.542267,"robotRTLTime":50.21805}{"selfRTLTime":159.542267,"robotRTLTime":99.18359}{"selfRTLTime":188.635773,"robotRTLTime":99.18359}{"selfRTLTime":217.729279,"robotRTLTime":99.18359}{"selfRTLTime":217.729279,"robotRTLTime":112.987595}{"selfRTLTime":288.155426,"robotRTLTime":112.987595}{"selfRTLTime":358.581573,"robotRTLTime":112.987595}{"selfRTLTime":358.581573,"robotRTLTime":143.544235}{"selfRTLTime":458.275146,"robotRTLTime":143.544235}{"selfRTLTime":557.96875,"robotRTLTime":143.544235}{"selfRTLTime":557.96875,"robotRTLTime":145.7863}{"selfRTLTime":557.96875,"robotRTLTime":157.015549}{"selfRTLTime":693.8479,"robotRTLTime":157.015549}{"selfRTLTime":829.727051,"robotRTLTime":157.015549}{"selfRTLTime":829.727051,"robotRTLTime":198.578415}{"selfRTLTime":829.727051,"robotRTLTime":222.522385}{"selfRTLTime":830.126953,"robotRTLTime":222.522385}{"selfRTLTime":930.007263,"robotRTLTime":222.522385}{"selfRTLTime":1050.20264,"robotRTLTime":222.522385}{"selfRTLTime":1170.398,"robotRTLTime":222.522385}{"selfRTLTime":1170.398,"robotRTLTime":234.431381}{"selfRTLTime":1170.398,"robotRTLTime":249.232956}{"selfRTLTime":1181.91968,"robotRTLTime":249.232956}{"selfRTLTime":1193.44141,"robotRTLTime":249.232956}{"selfRTLTime":1193.44141,"robotRTLTime":270.9251}{"selfRTLTime":1238.97729,"robotRTLTime":270.9251}{"selfRTLTime":1284.51318,"robotRTLTime":270.9251}{"selfRTLTime":1284.51318,"robotRTLTime":295.747131}{"selfRTLTime":1289.63379,"robotRTLTime":295.747131}{"selfRTLTime":1294.75439,"robotRTLTime":295.747131}{"selfRTLTime":1294.75439,"robotRTLTime":299.1446}{"selfRTLTime":1383.83142,"robotRTLTime":299.1446}{"selfRTLTime":1472.90845,"robotRTLTime":299.1446}{"selfRTLTime":1472.90845,"robotRTLTime":311.283142}{"selfRTLTime":1472.90845,"robotRTLTime":316.368347}{"selfRTLTime":300.328247,"robotRTLTime":316.368347}