{"selfRTLTime":0.0,"robotRTLTime":65.74147}{"selfRTLTime":0.0,"robotRTLTime":70.2263}{"selfRTLTime":0.0,"robotRTLTime":150.03241}{"selfRTLTime":530.108032,"robotRTLTime":150.03241}{"selfRTLTime":1060.21606,"robotRTLTime":150.03241}{"selfRTLTime":1060.21606,"robotRTLTime":190.610229}{"selfRTLTime":208.5028,"robotRTLTime":190.610229}