{"selfRTLTime":0.0,"robotRTLTime":48.30207}{"selfRTLTime":0.0,"robotRTLTime":103.700035}{"selfRTLTime":0.0,"robotRTLTime":248.135834}{"selfRTLTime":1.17721558,"robotRTLTime":248.135834}{"selfRTLTime":1.17721558,"robotRTLTime":272.0233}{"selfRTLTime":1.17721558,"robotRTLTime":313.699127}{"selfRTLTime":5.175232,"robotRTLTime":313.699127}{"selfRTLTime":9.173248,"robotRTLTime":313.699127}{"selfRTLTime":9.173248,"robotRTLTime":456.750153}{"selfRTLTime":10.9747009,"robotRTLTime":456.750153}{"selfRTLTime":12.7761536,"robotRTLTime":456.750153}{"selfRTLTime":12.7761536,"robotRTLTime":487.60675}{"selfRTLTime":15.5041809,"robotRTLTime":487.60675}{"selfRTLTime":18.2322083,"robotRTLTime":487.60675}{"selfRTLTime":18.2322083,"robotRTLTime":610.385132}{"selfRTLTime":18.2322083,"robotRTLTime":622.068359}{"selfRTLTime":18.2322083,"robotRTLTime":671.0612}{"selfRTLTime":18.2322083,"robotRTLTime":819.6331}