{"selfRTLTime":0.0,"robotRTLTime":72.53608}{"selfRTLTime":42.695694,"robotRTLTime":72.53608}{"selfRTLTime":85.39139,"robotRTLTime":72.53608}{"selfRTLTime":85.39139,"robotRTLTime":89.34845}{"selfRTLTime":85.70212,"robotRTLTime":89.34845}{"selfRTLTime":106.705856,"robotRTLTime":89.34845}{"selfRTLTime":112.566895,"robotRTLTime":89.34845}{"selfRTLTime":112.566895,"robotRTLTime":138.1855}{"selfRTLTime":444.473328,"robotRTLTime":138.1855}{"selfRTLTime":776.379761,"robotRTLTime":138.1855}{"selfRTLTime":776.379761,"robotRTLTime":142.76149}{"selfRTLTime":198.3548,"robotRTLTime":142.76149}