{"selfRTLTime":0.0,"robotRTLTime":5.3754406}{"selfRTLTime":19.82675,"robotRTLTime":5.3754406}{"selfRTLTime":39.6535,"robotRTLTime":5.3754406}{"selfRTLTime":39.6535,"robotRTLTime":50.76496}{"selfRTLTime":94.96846,"robotRTLTime":50.76496}{"selfRTLTime":150.283417,"robotRTLTime":50.76496}{"selfRTLTime":150.283417,"robotRTLTime":64.80509}{"selfRTLTime":165.150879,"robotRTLTime":64.80509}{"selfRTLTime":165.150879,"robotRTLTime":68.025856}{"selfRTLTime":191.410858,"robotRTLTime":68.025856}{"selfRTLTime":241.134079,"robotRTLTime":68.025856}{"selfRTLTime":290.8573,"robotRTLTime":68.025856}{"selfRTLTime":290.8573,"robotRTLTime":76.0677261}{"selfRTLTime":337.824158,"robotRTLTime":76.0677261}{"selfRTLTime":337.824158,"robotRTLTime":86.28654}{"selfRTLTime":340.645752,"robotRTLTime":86.28654}{"selfRTLTime":340.645752,"robotRTLTime":94.79429}{"selfRTLTime":340.645752,"robotRTLTime":126.640755}{"selfRTLTime":340.645752,"robotRTLTime":130.5505}{"selfRTLTime":345.178955,"robotRTLTime":130.5505}{"selfRTLTime":570.754944,"robotRTLTime":130.5505}{"selfRTLTime":796.330933,"robotRTLTime":130.5505}{"selfRTLTime":796.330933,"robotRTLTime":164.672211}{"selfRTLTime":796.330933,"robotRTLTime":180.610626}{"selfRTLTime":797.6191,"robotRTLTime":180.610626}{"selfRTLTime":817.274231,"robotRTLTime":180.610626}{"selfRTLTime":836.9294,"robotRTLTime":180.610626}{"selfRTLTime":836.9294,"robotRTLTime":208.924591}{"selfRTLTime":899.1469,"robotRTLTime":208.924591}{"selfRTLTime":961.364441,"robotRTLTime":208.924591}{"selfRTLTime":961.364441,"robotRTLTime":257.795624}{"selfRTLTime":98.6017456,"robotRTLTime":257.795624}