{"selfRTLTime":0.0,"robotRTLTime":8.773209}{"selfRTLTime":0.0,"robotRTLTime":12.4162292}{"selfRTLTime":79.175766,"robotRTLTime":12.4162292}{"selfRTLTime":129.27858,"robotRTLTime":12.4162292}{"selfRTLTime":180.245117,"robotRTLTime":12.4162292}{"selfRTLTime":291.001465,"robotRTLTime":12.4162292}{"selfRTLTime":487.2234,"robotRTLTime":12.4162292}{"selfRTLTime":683.4453,"robotRTLTime":12.4162292}{"selfRTLTime":683.4453,"robotRTLTime":101.081635}{"selfRTLTime":687.621765,"robotRTLTime":101.081635}{"selfRTLTime":691.7982,"robotRTLTime":101.081635}{"selfRTLTime":691.7982,"robotRTLTime":114.8107}{"selfRTLTime":693.329956,"robotRTLTime":114.8107}{"selfRTLTime":696.720642,"robotRTLTime":114.8107}{"selfRTLTime":700.1113,"robotRTLTime":114.8107}{"selfRTLTime":700.1113,"robotRTLTime":350.477142}{"selfRTLTime":765.7392,"robotRTLTime":350.477142}{"selfRTLTime":789.9156,"robotRTLTime":350.477142}{"selfRTLTime":814.092,"robotRTLTime":350.477142}{"selfRTLTime":814.092,"robotRTLTime":597.842041}