{"selfRTLTime":367.7763,"robotRTLTime":0.0}{"selfRTLTime":735.5526,"robotRTLTime":0.0}{"selfRTLTime":735.5526,"robotRTLTime":40.33368}{"selfRTLTime":939.6612,"robotRTLTime":40.33368}{"selfRTLTime":58.0198364,"robotRTLTime":40.33368}