{"selfRTLTime":0.0,"robotRTLTime":1.73690128}{"selfRTLTime":0.8023033,"robotRTLTime":1.73690128}{"selfRTLTime":1.60460663,"robotRTLTime":1.73690128}{"selfRTLTime":1.60460663,"robotRTLTime":32.67992}{"selfRTLTime":19.69722,"robotRTLTime":32.67992}{"selfRTLTime":24.3844833,"robotRTLTime":32.67992}{"selfRTLTime":409.767151,"robotRTLTime":32.67992}{"selfRTLTime":795.149841,"robotRTLTime":32.67992}{"selfRTLTime":795.149841,"robotRTLTime":34.40169}{"selfRTLTime":827.492432,"robotRTLTime":34.40169}{"selfRTLTime":859.834961,"robotRTLTime":34.40169}{"selfRTLTime":859.834961,"robotRTLTime":71.08711}{"selfRTLTime":859.834961,"robotRTLTime":80.91164}{"selfRTLTime":859.834961,"robotRTLTime":128.7936}{"selfRTLTime":859.834961,"robotRTLTime":142.00441}{"selfRTLTime":939.1381,"robotRTLTime":142.00441}{"selfRTLTime":1018.44128,"robotRTLTime":142.00441}{"selfRTLTime":1018.44128,"robotRTLTime":151.24501}{"selfRTLTime":314.4275,"robotRTLTime":151.24501}