{"selfRTLTime":10.5269775,"robotRTLTime":0.0}{"selfRTLTime":10.5269775,"robotRTLTime":76.4575653}{"selfRTLTime":124.288628,"robotRTLTime":76.4575653}{"selfRTLTime":238.050278,"robotRTLTime":76.4575653}{"selfRTLTime":238.050278,"robotRTLTime":119.5903}{"selfRTLTime":241.470749,"robotRTLTime":119.5903}{"selfRTLTime":244.89122,"robotRTLTime":119.5903}{"selfRTLTime":244.89122,"robotRTLTime":211.792572}{"selfRTLTime":244.89122,"robotRTLTime":315.341217}{"selfRTLTime":247.045639,"robotRTLTime":315.341217}{"selfRTLTime":247.045639,"robotRTLTime":316.851776}{"selfRTLTime":262.44,"robotRTLTime":316.851776}{"selfRTLTime":328.4364,"robotRTLTime":316.851776}{"selfRTLTime":394.4328,"robotRTLTime":316.851776}{"selfRTLTime":394.4328,"robotRTLTime":361.966766}{"selfRTLTime":-339.750244,"robotRTLTime":361.966766}